Loss,Accuracy
613.03199185431,0.7315865384615384
