Loss,Accuracy
839.7576501369476,0.6224038461538461
