Loss,Accuracy
677.071058139205,0.6889903846153846
