Loss,Accuracy
698.8147102892399,0.6642788461538461
