Loss,Accuracy
851.4654753506184,0.6173076923076923
