Loss,Accuracy
677.49756090343,0.687548076923077
