Loss,Accuracy
683.7471296787262,0.6822115384615385
