Loss,Accuracy
608.7226611226797,0.7338461538461538
