Loss,Accuracy
479.50283139944077,0.7786538461538461
