Loss,Accuracy
482.39299841970205,0.7770192307692307
