Loss,Accuracy
860.7367527931929,0.6141826923076923
