Loss,Accuracy
847.3639032840729,0.6245192307692308
