Loss,Accuracy
466.68720365315676,0.7853846153846153
