Loss,Accuracy
604.3742384761572,0.7401442307692307
