Loss,Accuracy
838.6648390293121,0.6223076923076923
