Loss,Accuracy
466.1748045831919,0.7866346153846154
