Loss,Accuracy
848.9363538622856,0.620625
