Loss,Accuracy
1167.9990189671516,0.4701923076923077
