Loss,Accuracy
598.8525452911854,0.7403846153846154
