Loss,Accuracy
1115.1715340912342,0.4675480769230769
