Loss,Accuracy
476.54777074605227,0.7809134615384615
