Loss,Accuracy
477.0874314978719,0.7815865384615385
