Loss,Accuracy
1164.608768492937,0.48028846153846155
