Loss,Accuracy
485.67389300465584,0.7748076923076923
