Loss,Accuracy
604.5223267376423,0.739423076923077
