Loss,Accuracy
845.3370964974165,0.6212980769230769
