Loss,Accuracy
657.0064196139574,0.6954326923076923
