Loss,Accuracy
587.8604499101639,0.7447115384615385
