Loss,Accuracy
688.0693619847298,0.6790384615384616
