Loss,Accuracy
834.1421071887016,0.6261057692307692
