Loss,Accuracy
1195.984097123146,0.4169230769230769
