Loss,Accuracy
1154.942548841238,0.4824519230769231
