Loss,Accuracy
1182.1945688128471,0.41528846153846155
