Loss,Accuracy
1166.6039490103722,0.44177884615384616
