Loss,Accuracy
1137.7294633984566,0.46884615384615386
