Loss,Accuracy
1155.2888690829277,0.4453365384615385
