Loss,Accuracy
488.8313609212637,0.7724038461538462
