Loss,Accuracy
1181.8282923400402,0.43028846153846156
