Loss,Accuracy
857.4219709336758,0.6139903846153846
