Loss,Accuracy
1172.2310428023338,0.4685576923076923
