Loss,Accuracy
685.88648468256,0.6752403846153846
