Loss,Accuracy
647.4152216091752,0.7040865384615385
