Loss,Accuracy
479.6851444542408,0.7803846153846153
