Loss,Accuracy
836.5567398518324,0.6273557692307692
