Loss,Accuracy
465.6840352639556,0.7880288461538462
