Loss,Accuracy
482.7168805897236,0.7765384615384615
