Loss,Accuracy
602.0182629823685,0.7341346153846153
