Loss,Accuracy
477.5405098423362,0.7781730769230769
