Loss,Accuracy
1181.6344957351685,0.4296634615384615
