Loss,Accuracy
1171.9383349716663,0.47591346153846154
