Loss,Accuracy
844.2651072442532,0.6203846153846154
