Loss,Accuracy
1146.977855503559,0.4578846153846154
