Loss,Accuracy
1219.7785075604916,0.4034615384615385
