Loss,Accuracy
670.0204657241702,0.6869711538461538
