Loss,Accuracy
601.5022726505995,0.7381730769230769
