Loss,Accuracy
1161.748972773552,0.45009615384615387
