Loss,Accuracy
1155.6265141367912,0.44211538461538463
