Loss,Accuracy
1184.7144255638123,0.43408653846153844
