Loss,Accuracy
596.4284529983997,0.7405288461538462
