Loss,Accuracy
1194.6068043708801,0.46072115384615386
