Loss,Accuracy
829.8977305591106,0.6296634615384615
