Loss,Accuracy
586.7492950111628,0.7450961538461538
