Loss,Accuracy
574.3582837507129,0.7480769230769231
