Loss,Accuracy
686.3487193286419,0.682451923076923
