Loss,Accuracy
595.2925913333893,0.7420192307692308
