Loss,Accuracy
853.3899067044258,0.6156730769230769
