Loss,Accuracy
1166.0558861792088,0.4824519230769231
