Loss,Accuracy
606.0323436558247,0.7377403846153846
