Loss,Accuracy
480.7087599337101,0.7794230769230769
