Loss,Accuracy
601.2298454642296,0.739951923076923
