Loss,Accuracy
477.07278499007225,0.7832211538461539
