Loss,Accuracy
1165.078072667122,0.4319230769230769
