Loss,Accuracy
1174.9349718987942,0.4254807692307692
