Loss,Accuracy
1151.8079374730587,0.48701923076923076
