Loss,Accuracy
599.117563650012,0.7399038461538462
