Loss,Accuracy
475.2268020436168,0.7805288461538461
