Loss,Accuracy
1181.1979980170727,0.44403846153846155
