Loss,Accuracy
675.6105630993843,0.6846153846153846
