Loss,Accuracy
664.8133286461234,0.6927403846153846
