Loss,Accuracy
1213.28913256526,0.4258653846153846
