Loss,Accuracy
1142.5677344501019,0.49456730769230767
