Loss,Accuracy
680.1500015333295,0.6815384615384615
