Loss,Accuracy
473.1132528409362,0.78625
