Loss,Accuracy
595.9269206523895,0.7429807692307693
