Loss,Accuracy
674.4260210320354,0.6867307692307693
