Loss,Accuracy
692.8754102438688,0.6776442307692307
