Loss,Accuracy
1179.5256052613258,0.46884615384615386
