Loss,Accuracy
841.024025246501,0.6236538461538461
