Loss,Accuracy
1169.0248947441578,0.46572115384615387
