Loss,Accuracy
1161.6097679436207,0.47721153846153846
