Loss,Accuracy
1180.0355167984962,0.4721153846153846
