Loss,Accuracy
606.1841702759266,0.7365384615384616
