Loss,Accuracy
1184.0328529775143,0.4616826923076923
