Loss,Accuracy
478.42012632638216,0.7800961538461538
