Loss,Accuracy
673.0186786055565,0.6884615384615385
