Loss,Accuracy
1191.6337270140648,0.4238942307692308
