Loss,Accuracy
1178.0815512537956,0.46798076923076926
