Loss,Accuracy
1169.686966150999,0.47697115384615385
