Loss,Accuracy
1170.192808508873,0.4708173076923077
