Loss,Accuracy
613.220551237464,0.7374038461538461
