Loss,Accuracy
1171.7312035560608,0.47115384615384615
