Loss,Accuracy
484.8913725838065,0.7772596153846154
