Loss,Accuracy
698.6851387470961,0.6728365384615385
