Loss,Accuracy
1166.5042349100113,0.43932692307692306
