Loss,Accuracy
1164.9957872629166,0.479375
