Loss,Accuracy
679.0645849630237,0.6825961538461538
