Loss,Accuracy
676.3471691459417,0.6907692307692308
