Loss,Accuracy
478.98497001826763,0.7802884615384615
