Loss,Accuracy
865.7637749314308,0.5995192307692307
