Loss,Accuracy
819.3747270703316,0.634375
