Loss,Accuracy
834.9908404350281,0.6251923076923077
