Loss,Accuracy
850.7963737249374,0.6120673076923077
