Loss,Accuracy
484.6862208247185,0.7796153846153846
