Loss,Accuracy
1163.3654031455517,0.48028846153846155
