Loss,Accuracy
852.8307119607925,0.6112019230769231
