Loss,Accuracy
589.677951708436,0.7458173076923077
