Loss,Accuracy
1159.3655902445316,0.44658653846153845
