Loss,Accuracy
824.9141180664301,0.6339903846153846
